favorite_count,hashtag,retweet_count,tweet_id
33837,None,7018,892420643555336193
29353,None,5303,892177421306343426
22073,None,3486,891815181378084864
36968,None,7231,891689557279858688
35344,BarkWeek,7770,891327558926688256
17826,BarkWeek,2603,891087950875897856
10374,None,1668,890971913173991426
56909,None,15770,890729181411237888
24546,BarkWeek,3627,890609185150312448
27983,None,6106,890240255349198849
27062,BarkWeek,6156,890006608113172480
24581,None,4172,889880896479866881
42084,None,8357,889665388333682689
23703,None,3720,889638837579907072
13356,BarkWeek,1884,889531135344209921
22138,BarkWeek,4449,889278841981685760
25659,None,3768,888917238123831296
22489,None,3542,888804989199671297
17330,None,2880,888554962724278272
19163,None,2900,888078434458587136
26650,None,4539,887705289381826560
40758,None,9858,887517139158093824
60234,None,15041,887473957103951883
29609,None,8815,887343217045368832
27002,None,4997,887101392804085760
30411,None,6325,886983233522544640
10504,None,2633,886736880519319552
19756,None,3740,886680336477933568
18564,None,2633,886366144734445568
105,None,4,886267009285017600
24551,None,5296,886258384151887873
0,BATP,93,886054160059072513
28636,None,5620,885984800019947520
31620,None,5334,885528943205470208
18024,None,3109,885518971528720385
0,None,15449,885311592912609280
19274,None,3672,885167619883638784
67348,None,15043,884925521741709313
24399,None,4677,884876753390489601
21341,None,3917,884562892145688576
23880,None,4794,884441805382717440
63304,None,16934,884247878851493888
17956,None,2508,884162670584377345
19193,None,2865,883838122936631299
40239,None,8278,883482846933004288
19963,None,3086,883360690899218434
32543,None,5542,883117836046086144
20997,None,3249,882992080364220416
24821,None,4102,882762694511734784
24615,None,5069,882627270321602560
39224,None,9646,882268110199369728
25750,None,4083,882045870035918850
21458,None,2857,881906580714921986
44560,None,8969,881666595344535552
113,None,8,881633300179243008
43483,None,13409,881536004380872706
20501,Canada150,4496,881268444196462592
15056,None,2333,880935762899988482
18722,None,3204,880872448815771648
25045,None,5221,880465832366813184
23681,None,3472,880221127280381952
24357,None,3657,880095782870896641
19725,None,2933,879862464715927552
282,None,9,879674319642796034
20718,None,2630,879492040517615616
92945,None,37478,879415818425184262
14856,None,2652,879376492567855104
0,None,5749,879130579576475649
19824,None,3958,879050749262655488
16797,None,2245,879008229531029506
17146,PrideMonthPuppo,3438,878776093423087618
26458,None,5934,878604707211726852
0,None,1078,878404777348136964
0,None,5531,878316110768087041
6784,None,1078,878281511006478336
37170,None,5749,878057613040115712
69374,None,15830,877736472329191424
0,None,70,877611172832227328
19918,None,3173,877556246731214848
24169,None,4351,877316821321428993
23886,None,4635,877201837425926144
18233,None,2807,876838120628539392
21060,None,3975,876537666061221889
16578,None,2005,876484053909872640
24706,None,3910,876120275196170240
22129,None,3586,875747767867523072
19427,None,4160,875144289856114688
24264,None,5120,875097192612077568
22567,None,3977,875021211251597312
24624,None,3924,874680097055178752
0,None,12225,874434818259525634
22983,None,3486,874296783580663808
20134,None,3382,874057562936811520
30150,PrideMonth,8602,874012996292530176
21399,None,3345,873580283840344065
0,None,1332,873337748698140672
6326,None,1332,873213775632977920
24100,None,4566,872967104147763200
13083,dogsatpollingstations,3169,872820683541237760
18336,PrideMonth,3070,872620804844003328
36125,None,7725,872486979161796608
30255,None,6836,872122724285648897
33136,PrideMonth,9258,871879754684805121
17903,None,2973,871762521631449091
17905,None,2945,871515927908634625
0,None,4898,871166179821445120
18562,None,4689,871102520638267392
20176,None,3230,871032628920680449
29828,None,5289,870804317367881728
105,None,3,870726314365509632
10900,None,2212,870656317836468226
74002,None,22768,870374049280663552
19498,None,3553,870308999962521604
32450,None,7083,870063196459192321
38058,None,8704,869772420881756160
25087,None,5390,869702957897576449
14227,None,2642,869596645499047938
18151,None,3202,869227993411051520
58040,None,12272,868880397819494401
0,None,1755,868639477480148993
23660,None,4480,868622495443632128
8975,None,1755,868552278524837888
21623,None,3577,867900495410671616
30296,None,6261,867774946302451713
14360,None,2119,867421006826221569
0,None,101,867072653475098625
28731,None,6793,867051520902168576
17888,None,4135,866720684873056260
17147,None,2974,866686824827068416
108981,None,30244,866450705531457537
46666,None,12225,866334964761202691
0,None,7175,866094527597207552
22952,None,4857,865718153858494464
23631,None,4297,865359393868664832
25062,None,6682,865006731092295680
28888,None,7501,864873206498414592
13084,None,2587,864279568663928832
26663,None,7599,864197398364647424
18463,None,3597,863907417377173506
13694,None,3640,863553081350529029
0,None,2092,863471782782697472
21332,None,4564,863432100342583297
1962,None,80,863427515083354112
7912,None,954,863079547188785154
7536,None,2092,863062471531167744
17231,None,4464,862831371563274240
15351,None,3092,862722525377298433
18297,None,4264,862457590147678208
66380,None,20030,862096992088072192
32324,None,9280,861383897657036800
15364,None,3596,861288531465048066
15006,None,3344,861005113778896900
0,None,1858,860981674716409858
0,None,679,860924035999428608
6734,None,1858,860563773140209665
21286,None,4610,860524505164394496
16602,None,3078,860276583193509888
15034,None,5129,860184849394610176
0,None,26788,860177593139703809
17655,None,3590,859924526012018688
13988,None,3073,859851578198683649
16858,None,1367,859607811541651456
80657,None,26323,859196978902773760
30473,None,11984,859074603037188101
0,None,7098,858860390427611136
14143,None,3031,858843525470990336
19508,None,4270,858471635011153920
14254,None,2541,858107933456039936
14507,None,2271,857989990357356544
30856,None,9364,857746408056729600
5318,None,1444,857393404942143489
18276,None,3990,857263160327368704
204,None,16,857214891891077121
0,None,148,857062103051644929
17073,None,3497,857029823797047296
14854,None,2553,856543823941562368
10840,None,1657,856526610513747968
489,None,15,856288084350160898
25281,None,5589,856282028240666624
303,None,21,855862651834028034
4417,None,853,855860136149123072
10871,None,1864,855857698524602368
41934,ScienceMarch,16150,855851453814013952
24309,None,4823,855818117272018944
27137,None,7319,855459453768019968
0,None,5276,855245323840757760
0,None,36,855138241867124737
20717,None,5365,854732716440526848
26626,None,6038,854482394044301312
17223,None,4165,854365224396361728
29274,None,6603,854120357044912130
14853,None,2799,854010172552949760
26124,None,5120,853760880890318849
31601,None,8896,853639147608842240
14191,None,3178,853299958564483072
0,None,1791,852936405516943360
8267,None,1602,852912242202992640
13665,None,1917,852672615818899456
14919,None,3127,852553447878664193
30406,None,8898,852311364735569921
18375,None,6106,852226086759018497
10582,None,1421,852189679701164033
14983,None,3132,851591660324737024
22298,None,6326,851464819735769094
19077,None,5183,851224888060895234
28202,None,8106,850753642995093505
12099,None,2336,850380195714523136
3199,None,301,850333567704068097
15072,None,3404,850145622816686080
18818,None,4387,850019790995546112
27959,None,6840,849776966551130114
0,None,4457,849668094696017920
14695,None,2838,849412302885593088
10577,None,1696,849336543269576704
39081,None,7649,849051919805034497
23310,None,3935,848690551926992896
22869,None,4171,848324959059550208
7548,None,647,848213670039564288
15058,None,2722,848212111729840128
0,None,2929,847978865427394560
0,None,396,847971574464610304
21771,None,4589,847962785489326080
5023,None,1193,847842811428974592
6478,None,376,847617282490613760
17381,None,3098,847606175596138505
19011,None,3927,847251039262605312
18406,None,5264,847157206088847362
19905,None,2885,847116187444137987
18655,None,3559,846874817362120707
41290,None,10414,846514051647705089
13097,None,2768,846505985330044928
29162,None,8195,846153765933735936
28866,None,9184,846139713627017216
14842,None,2598,846042936437604353
27089,None,7890,845812042753855489
23483,None,4394,845677943972139009
7099,None,1624,845397057150107648
21666,None,4874,845306882940190720
0,None,6956,845098359547420673
12700,None,2318,844979544864018432
13960,None,2864,844973813909606400
15315,None,2823,844580511645339650
12730,None,1994,844223788422217728
14154,None,2703,843981021012017153
20005,None,4179,843856843873095681
15743,None,2486,843604394117681152
20006,None,5431,843235543001513987
14247,None,3320,842846295480000512
6307,None,1177,842765311967449089
16952,None,3191,842535590457499648
22785,None,5276,842163532590374912
13061,None,2764,842115215311396866
0,None,13615,841833993020538882
24079,None,7175,841680585030541313
11768,K9VeteransDay,3341,841439858740625411
18456,None,5032,841320156043304961
14781,None,4247,841314665196081154
21379,None,4898,841077006473256960
0,None,1622,840761248237133825
0,None,14632,840728873075638272
165,None,2,840698636975636481
11508,None,892,840696689258311684
8445,None,1622,840632337062862849
15369,None,4192,840370681858686976
17946,None,5236,840268004936019968
12565,None,2076,839990271299457024
25639,None,7098,839549326359670784
0,None,133,839290600511926273
25290,None,5958,839239871831150596
18412,None,3668,838952994649550848
10446,None,1859,838921590096166913
0,GoodDogs,31,838916489579200512
0,None,10064,838831947270979586
10271,None,1234,838561493054533637
21028,None,4356,838476387338051585
0,None,9234,838201503651401729
1572,None,304,838150277551247360
133,None,1,838085839343206401
16506,None,2854,838083903487373313
31900,None,7175,837820167694528512
3617,None,409,837482249356513284
12013,None,2066,837471256429613056
15091,None,2185,837110210464448512
11979,None,2123,836989968035819520
18171,None,4275,836753516572119041
11871,None,2029,836677758902222849
0,None,509,836648853927522308
0,None,25159,836397794269200385
13932,None,2752,836380477523124226
20001,None,3990,836260088725786625
17938,None,3904,836001077879255040
0,None,7446,835685285446955009
16695,None,3308,835574547218894849
0,None,1549,835536468978302976
0,None,19222,835309094223372289
15470,None,2749,835297930240217089
7254,None,1549,835264098648616962
1992,None,63,835246439529840640
24625,None,5314,835172783151792128
20999,None,2766,835152434251116546
10129,None,1497,834931633769889797
20261,None,5120,834786237630337024
12840,None,2321,834574053763584002
0,None,9799,834477809192075265
9050,None,1554,834458053273591808
19295,None,4344,834209720923721728
14864,None,3373,834167344700198914
9467,None,1971,834089966724603904
12271,None,2045,834086379323871233
12652,None,2216,833863086058651648
17107,None,3496,833826103416520705
0,None,205,833732339549220864
19731,None,3006,833722901757046785
14044,None,1896,833479644947025920
19031,None,4457,833124694597443584
12462,None,2026,832998151111966721
0,None,38,832769181346996225
15885,None,3332,832757312314028032
11167,None,2670,832682457690300417
2746,None,485,832645525019123713
14941,None,2572,832636094638288896
11265,None,2041,832397543355072512
16113,None,2929,832369877331693569
10669,None,2151,832273440279240704
0,None,5740,832215909146226688
0,None,8607,832215726631055365
59,None,2,832088576586297345
0,None,8848,832040443403784192
16805,None,4310,832032802820481025
22501,None,5672,831939777352105988
319,None,34,831926988323639298
25899,None,5995,831911600680497154
9815,None,1691,831670449226514432
6697,None,1791,831650051525054464
8474,None,2167,831552930092285952
8770,None,1447,831322785565769729
6183,WKCDogShow,1040,831315979191906304
11117,None,2274,831309418084069378
11192,None,1896,831262627380748289
7530,None,1379,830956169170665475
62572,None,15449,830583320585068544
0,None,5256,830173239259324417
9188,None,2708,830097400375152640
0,None,4622,829878982036299777
11548,None,1798,829861396166877184
29939,None,9799,829501995190984704
9899,None,1865,829449946868879360
22948,None,6789,829141528400556032
50342,None,15145,829011960981237760
0,None,3169,828801551087042563
24146,None,5410,828770345708580865
34319,None,10354,828708714936930305
8973,None,1244,828650029636317184
6051,None,1082,828409743546925057
7264,None,1189,828408677031882754
11890,None,2065,828381636999917570
6995,None,996,828376505180889089
11886,None,2730,828372645993398273
2074,None,165,828361771580813312
11075,None,2660,828046555563323392
9789,None,2000,828011680017821696
18881,None,4848,827933404142436356
14611,None,2800,827653905312006145
7066,None,865,827600520311402496
14970,None,2813,827324948884643840
10018,None,2065,827199976799354881
20347,None,4622,826958653328592898
34085,None,9360,826848821049180160
0,None,3687,826615380357632002
4866,None,230,826598799820865537
9461,None,2183,826598365270007810
17397,None,3896,826476773533745153
12543,None,2424,826240494070030336
4603,None,857,826204788643753985
14758,None,2877,826115272272650244
9931,None,1740,825876512159186944
12032,None,2338,825829644528148480
54027,None,16370,825535076884762624
17286,None,4191,825147591692263424
0,None,1168,825120256414846976
5916,None,1168,825026590719483904
0,None,5108,824796380199809024
14078,None,3279,824775126675836928
9946,None,1649,824663926340194305
11194,BellLetsTalk,9900,824325613288833024
14243,None,3574,824297048279236611
4582,None,558,824025158776213504
10063,None,2542,823939628516474880
0,None,10376,823719002937630720
13223,None,2336,823699002998870016
12285,None,2448,823581115634085888
662,None,22,823333489516937216
14845,None,3723,823322678127919110
0,None,9244,823269594223824897
16389,None,3200,822975315408461824
124204,WomensMarch,39968,822872901745569793
12468,None,2111,822859134160621569
0,None,5961,822647212903690241
13989,None,2736,822610361945911296
17137,None,5961,822489057087389700
26342,None,13168,822462944365645825
33145,None,9244,822244816520155136
0,None,4389,822163064745328640
10687,None,2146,821886076407029760
0,None,3128,821813639212650496
7915,None,1557,821765923262631936
7580,None,1633,821522889702862852
0,None,5132,821421320206483457
11112,None,3998,821407182352777218
236,None,9,821153421864615936
8118,None,1826,821149554670182400
9079,None,1976,821107785811234820
11967,None,2128,821044531881721856
0,None,6252,820837357901512704
29871,None,9234,820749716845686786
11596,None,3006,820690176645140481
0,None,523,820494788566847489
0,None,2398,820446719150292993
3163,None,523,820314633777061888
18674,None,5802,820078625395449857
0,None,1083,820013781606658049
5020,None,1083,819952236453363712
12244,None,4552,819924195358416896
12636,None,2880,819711362133872643
9165,None,1871,819588359383371776
6853,None,1118,819347104292290561
2141,None,379,819238181065359361
21816,None,6252,819227688460238848
0,None,34578,819015337530290176
0,None,17817,819015331746349057
43072,None,17817,819006400881917954
82754,None,34578,819004803107983360
0,None,19468,818646164899774465
21249,None,7065,818627210458333184
9313,None,2356,818614493328580609
0,None,5702,818588835076603904
10285,None,2277,818536468981415936
0,None,7471,818307523543449600
10428,None,2091,818259473185828864
11624,None,2371,818145370475810820
4609,None,741,817908911860748288
48691,None,25159,817827839487737858
10232,None,2523,817777686764523521
11137,None,2734,817536400337801217
0,None,3146,817502432452313088
31899,None,13615,817423860136083457
5302,None,890,817415592588222464
0,None,7881,817181837579653120
8316,None,1872,817171292965273600
11557,None,2415,817120970343411712
8148,None,1520,817056546584727552
0,None,4397,816829038950027264
9489,None,1898,816816676327063552
9254,None,2059,816697700272001025
28743,None,7471,816450570814898180
8174,None,1805,816336735214911488
8489,None,1992,816091915477250048
0,None,944,816062466425819140
0,None,4889,816014286006976512
4693,None,944,815990720817401858
21155,None,7881,815966073409433600
0,None,3863,815745968457060357
9318,None,2124,815736392542261248
7829,None,1556,815639385530101762
9834,None,3574,815390420867969024
7261,None,1188,814986499976527872
10702,None,2527,814638523311648768
0,None,5466,814578408554463233
8222,None,1742,814530161257443328
27289,None,8118,814153002265309185
0,None,2961,813944609378369540
8859,None,1735,813910438903693312
34669,None,13046,813812741911748608
7888,None,1650,813800681631023104
17710,None,6855,813217897535406080
8776,None,1706,813202720496779264
18854,None,4051,813187593374461952
8815,None,1809,813172488309972993
7386,None,2066,813157409116065792
8091,None,2245,813142292504645637
4265,None,418,813130366689148928
11226,None,2924,813127251579564032
9806,None,2572,813112105746448384
10048,None,3392,813096984823349248
9428,None,2598,813081950185472002
7548,None,1831,813066809284972545
19941,None,6867,813051746834595840
7162,None,1787,812781120811126785
6298,None,1354,812709060537683968
5744,None,1148,812503143955202048
7581,None,1802,812466873996607488
12948,None,3429,812372279581671427
6922,None,1312,811985624773361665
7163,None,1480,811744202451197953
5322,None,682,811647686436880384
12089,None,2856,811627233043480576
19891,None,5993,811386762094317568
5057,None,1335,810984652412424192
8554,None,1646,810896069567610880
10438,None,2471,810657578271330305
33351,None,10507,810284430598270976
13992,None,3169,810254108431155201
14798,None,3687,809920764300447744
0,None,4587,809808892968534016
6614,None,1371,809448704142938112
18915,None,5256,809220051211603969
12585,None,3309,809084759137812480
9653,None,2868,808838249661788160
7516,None,2035,808733504066486276
10769,None,2456,808501579447930884
40257,None,19468,808344865868283904
0,None,5529,808134635716833280
8398,None,2071,808106460588765185
11865,None,3318,808001312164028416
13873,None,3394,807621403335917568
111783,None,51740,807106840509214720
0,None,6902,807059379405148160
12493,None,3638,807010152071229440
70696,None,32431,806629075125202948
0,None,5150,806620845233815552
4663,None,1827,806576416489959424
9748,None,2219,806542213899489280
0,None,10898,806242860592926720
6143,None,1134,806219024703037440
0,None,5023,805958939288408065
7894,None,1804,805932879469572096
6247,None,1718,805826884734976000
0,None,7491,805823200554876929
5490,None,1553,805520635690676224
8359,None,2383,805487436403003392
7490,None,1629,805207613751304193
13004,None,3604,804738756058218496
5853,None,1893,804475857670639616
0,None,3015,804413760345620481
42131,None,15077,804026241225523202
9573,None,2591,803773340896923648
0,None,6935,803692223237865472
10394,None,3888,803638050916102144
7407,None,1771,803380650405482500
0,None,4965,803321560782307329
9569,None,2302,803276597545603072
8585,None,1878,802952499103731712
0,None,2730,802624713319034886
6771,None,1385,802600418706604034
8529,None,2361,802572683846291456
15359,None,5490,802323869084381190
6627,None,1300,802265048156610565
8661,None,2463,802239329049477120
0,None,251,802185808107208704
7374,None,1599,801958328846974976
1722,None,219,801854953262350336
7828,None,1955,801538201127157760
5749,None,773,801285448605831168
23212,None,5529,801167903437357056
0,None,3706,801127390143516673
7686,None,1986,801115127852503040
648,None,91,800859414831898624
0,None,1520,800855607700029440
10102,None,2639,800751577355128832
12512,None,2834,800513324630806528
9058,None,2064,800459316964663297
0,None,4031,800443802682937345
10631,None,2638,800388270626521089
0,None,3698,800188575492947969
14530,None,2398,800141422401830912
26946,None,12339,800018252395122689
0,None,4376,799774291445383169
7987,None,2006,799757965289017345
7694,None,1802,799422933579902976
0,None,5094,799308762079035393
9401,None,2569,799297110730567681
7703,None,2344,799063482566066176
12442,None,4163,798933969379225600
7167,None,1363,798925684722855936
0,None,6228,798705661114773508
0,None,7258,798701998996647937
0,None,6106,798697898615730177
0,None,4649,798694562394996736
0,None,2182,798686750113755136
0,None,4438,798682547630837760
0,None,5231,798673117451325440
0,None,3680,798665375516884993
0,None,1748,798644042770751489
0,None,1867,798628517273620480
0,None,5283,798585098161549313
0,None,5493,798576900688019456
0,None,3144,798340744599797760
9934,None,2425,798209839306514432
10969,None,2894,797971864723324932
13898,None,4625,797545162159308800
18957,None,6170,797236660651966464
214,None,24,797165961484890113
0,None,8364,796904159865868288
7325,None,1831,796865951799083009
11218,None,2840,796759840936919040
0,None,6757,796563435802726400
7199,None,1655,796484825502875648
10473,None,3897,796387464403357696
0,None,13398,796177847564038144
30570,None,13398,796149749086875649
4741,ImWithThor,1687,796125600683540480
8654,None,2256,796116448414461957
8031,None,2172,796080075804475393
10288,None,3509,796031486298386433
46865,None,22012,795464331001561088
9531,None,2689,795400264262053889
15359,None,5108,795076730285391872
0,None,3165,794983741416415232
9697,None,2165,794926597468000259
0,None,9679,794355576146903043
9150,None,2542,794332329137291264
8785,None,3119,794205286408003585
15933,None,4587,793962221541933056
8783,None,1751,793845145112371200
0,None,2933,793614319594401792
7593,None,1521,793601777308463104
10141,None,2237,793500921481273345
23376,None,8607,793286476301799424
8263,None,2252,793271401113350145
18962,None,7819,793256262322548741
10006,None,3083,793241302385262592
9295,None,2723,793226087023144960
8486,None,2614,793210959003287553
14470,None,5285,793195938047070209
6572,None,1869,793180763617361921
8913,None,2632,793165685325201412
5860,None,1598,793150605191548928
6095,None,2365,793135492858580992
12046,None,3695,793120401413079041
13620,None,3719,792913359805018113
10728,None,4011,792883833364439040
7006,None,1575,792773781206999040
12744,None,4020,792394556390137856
6788,None,1674,792050063153438720
0,None,19745,791821351946420224
0,None,8921,791784077045166082
0,None,3563,791780927877898241
42824,None,20805,791774931465953280
11167,None,2933,791672322847637504
12500,None,3863,791406955684368384
8332,None,2370,791312159183634433
0,None,3824,791026214425268224
9318,None,1992,790987426131050500
15881,None,4397,790946055508652032
0,None,2149,790723298204217344
7811,None,1810,790698755171364864
19600,None,6662,790581949425475584
7431,None,1770,790337589677002753
11922,None,2961,790277117346975746
0,None,3318,790227638568808452
8814,None,2149,789986466051088384
0,None,3843,789960241177853952
9801,None,3889,789903600034189313
7088,None,1653,789628658055020548
6392,None,1798,789599242079838210
11097,None,3165,789530877013393408
8203,None,2141,789314372632018944
0,None,4596,789280767834746880
8675,None,2450,789268448748703744
9237,None,2611,789137962068021249
26104,None,11727,788908386943430656
25952,None,9679,788765914992902144
0,None,6675,788552643979468800
14747,None,4938,788412144018661376
6904,None,1982,788178268662984705
5806,None,1203,788150585577050112
0,None,3218,788070120937619456
5803,None,1231,788039637453406209
8164,None,2844,787810552592695296
9719,None,2589,787717603741622272
10349,None,2670,787397959788929025
7409,None,1628,787322443945877504
0,None,6303,787111942498508800
25316,None,7446,786963064373534720
0,None,2278,786729988674449408
17385,None,5740,786709082849828864
10060,None,2368,786664955043049472
8996,None,2926,786595970293370880
10292,None,3226,786363235746385920
7571,None,2652,786286427768250368
14426,None,4389,786233965241827333
1355,None,148,786051337297522688
0,None,6508,786036967502913536
10827,None,2993,785927819176054784
6355,None,1675,785872687017132033
7468,None,2106,785639753186217984
8602,None,1843,785533386513321988
5804,None,1166,785515384317313025
6911,None,1521,785264754247995392
11396,None,4506,785170936622350336
9587,None,3015,784826020293709826
8505,None,2370,784517518371221505
5449,None,1184,784431430411685888
18990,None,7491,784183165795655680
28144,None,10376,784057939640352768
28427,None,10064,783839966405230592
6996,None,1831,783821107061198850
9888,None,2995,783695101801398276
7993,None,2077,783466772167098368
16016,None,5100,783391753726550016
0,None,5156,783347506784731136
27539,None,10898,783334639985389568
7742,None,2022,783085703974514689
22847,None,6902,782969140009107456
7080,None,1320,782747134529531904
16321,None,5023,782722598790725632
7391,None,1768,782598640137187329
15734,None,5132,782305867769217024
0,None,5746,782021823840026624
10582,None,3144,781955203444699136
9892,None,2529,781661882474196992
3791,None,1055,781655249211752448
19612,None,5150,781524693396357120
6757,None,2386,781308096455073793
7929,None,1932,781251288990355457
9287,None,2584,781163403222056960
20506,None,6757,780931614150983680
6812,None,1868,780858289093574656
5203,None,1203,780800785462489090
11434,None,3128,780601303617732608
5959,None,1629,780543529827336192
0,None,3429,780496263422808064
0,None,103,780476555013349377
5003,None,1005,780459368902959104
8225,None,2091,780192070812196864
0,None,2140,780092040432480260
11445,None,4578,780074436359819264
17787,None,6508,779834332596887552
8269,None,2892,779377524342161408
0,None,17048,779124354206535695
13922,None,4218,779056095788752897
18778,None,6663,778990705243029504
0,None,9169,778774459159379968
823,None,338,778764940568104960
6470,None,1209,778748913645780993
5428,None,1394,778650543019483137
4347,None,943,778624900596654080
12884,None,4013,778408200802557953
0,None,11354,778396591732486144
5511,None,1019,778383385161035776
9751,None,3065,778286810187399168
7998,None,2468,778039087836069888
6203,None,1494,778027034220126208
0,None,3272,777953400541634568
6000,None,1517,777885040357281792
10633,None,2730,777684233540206592
0,None,3928,777641927919427584
8230,None,2345,777621514455814149
13351,None,3990,777189768882946048
0,None,12627,776819012571455488
4611,None,1114,776813020089548800
8258,None,2566,776477788987613185
0,None,8477,776249906839351296
28135,None,14752,776218204058357768
9035,None,2337,776201521193218049
11131,None,4031,776113305656188928
1718,None,141,776088319444877312
0,None,15558,775898661951791106
11047,None,2468,775842724423557120
13100,None,3706,775733305207554048
12280,None,4282,775729183532220416
6955,None,2718,775364825476165632
9582,None,3632,775350846108426240
14645,None,4376,775085132600442880
8143,None,1656,774757898236878852
6369,None,1616,774639387460112384
20568,None,5094,774314403806253056
10176,None,3590,773985732834758656
6067,None,1630,773922284943896577
6247,None,1498,773704687002451968
5061,None,1225,773670353721753600
20849,None,5702,773547596996571136
0,None,4680,773336787167145985
22011,None,6956,773308824254029826
8893,None,3009,773247561583001600
9405,None,3810,773191612633579521
8060,None,3581,772877495989305348
7576,None,2213,772826264096874500
0,None,3122,772615324260794368
6120,None,1588,772581559778025472
5687,None,1291,772193107915964416
3599,None,1055,772152991789019136
3560,None,688,772117678702071809
2585,None,440,772114945936949249
3778,None,866,772102971039580160
6198,None,1758,771908950375665664
11302,None,3144,771770456517009408
7786,None,2426,771500966810099713
9931,None,4680,771380798096281600
0,None,6907,771171053431250945
8621,None,2713,771136648247640064
5875,None,1337,771102124360998913
6493,None,1539,771014301343748096
4625,None,1106,770787852854652928
4896,None,1328,770772759874076672
6936,None,1670,770655142660169732
5955,None,1929,770414278348247044
5859,None,1357,770293558247038976
0,None,2818,770093767776997377
7158,None,2128,770069151037685760
29330,None,8848,769940425801170949
6052,None,1564,769695466921623552
0,None,7137,769335591808995329
5088,None,1601,769212283578875904
13420,None,6007,768970937022709760
0,None,2446,768909767477751808
3940,None,827,768855141948723200
3864,None,1100,768609597686943744
4740,None,1190,768596291618299904
0,None,5391,768554158521745409
12788,None,3164,768473857036525572
10207,None,3272,768193404517830656
4476,None,1266,767884188863397888
15004,None,4965,767754930266464257
7067,None,2154,767500508068192258
11554,None,3481,767191397493538821
9570,None,2653,767122157629476866
4757,None,1260,766793450729734144
2464,None,348,766714921925144576
3801,None,730,766693177336135680
5648,None,1459,766423258543644672
6355,None,1736,766313316352462849
0,None,2427,766078092750233600
3953,None,779,766069199026450432
3546,None,461,766008592277377025
6816,None,1997,765719909049503744
4864,None,1133,765669560888528897
25152,None,3119,765395769549590528
6687,None,2008,765371061932261376
10941,None,3122,765222098633691136
6090,None,1652,764857477905154048
5654,None,1395,764259802650378240
735,None,50,763956972077010945
11781,None,3824,763837565564780549
5067,None,1361,763183847194451968
0,None,2757,763167063695355904
6946,None,2125,763103485927849985
11381,None,3318,762699858130116608
10531,None,5928,762471784394268675
9661,None,3843,762464539388485633
4508,None,1030,762316489655476224
29858,None,14325,762035686371364864
5052,None,1831,761976711479193600
0,None,3594,761750502866649088
4030,None,794,761745352076779520
46340,None,26788,761672994376806400
3891,None,1102,761599872357261312
0,None,16680,761371037149827077
4841,None,1342,761334018830917632
4200,None,1002,761292947749015552
5011,None,1450,761227390836215808
10660,None,3218,761004547850530816
3580,None,890,760893934457552897
6190,None,1753,760656994973933572
4687,None,1192,760641137271070720
7087,None,3351,760539183865880579
3931,None,1288,760521673607086080
25127,None,10583,760290219849637889
3713,None,798,760252756032651264
5363,None,1655,760190180481531904
0,None,28,760153949710192640
5541,None,1936,759943073749200896
6300,None,1801,759846353224826880
5591,None,1765,759793422261743616
4409,None,1106,759557299618865152
7954,None,2278,759447681597108224
1564,None,453,759446261539934208
5710,None,1804,759197388317847553
0,None,1068,759159934323924993
13650,None,3830,759099523532779520
6085,None,1851,759047813560868866
3331,None,843,758854675097526272
10496,None,3563,758828659922702336
5387,None,1500,758740312047005698
3568,None,918,758474966123810816
4482,None,2032,758467244762497024
4886,None,1768,758405701903519748
3163,None,967,758355060040593408
17756,None,9169,758099635764359168
2537,None,339,758041019896193024
6434,None,3032,757741869644341248
0,None,7218,757729163776290825
4260,None,1114,757725642876129280
4300,None,1011,757611664640446465
0,None,278,757597904299253760
4079,None,959,757596066325864448
14160,None,6332,757400162377592832
5457,None,1580,757393109802180609
4218,None,1302,757354760399941633
5885,None,1836,756998049151549440
6231,None,1843,756939218950160384
4712,None,1193,756651752796094464
9725,None,3307,756526248105566208
3710,None,1007,756303284449767430
41264,None,16340,756288534030475264
5990,None,1409,756275833623502848
6838,None,2637,755955933503782912
15327,None,4920,755206590534418437
19778,None,10204,755110668769038337
0,None,7257,754874841593970688
6458,None,2314,754856583969079297
2423,None,478,754747087846248448
4942,None,1796,754482103782404096
3510,None,673,754449512966619136
7407,None,2164,754120377874386944
5466,None,1999,753655901052166144
7362,None,3244,753420520834629632
5371,None,1736,753398408988139520
7158,None,2140,753375668877008896
0,None,5217,753298634498793472
3131,None,961,753294487569522689
34644,None,19222,753039830821511168
3663,None,879,753026973505581056
11780,None,6303,752932432744185856
6516,None,1445,752917284578922496
0,None,2624,752701944171524096
5617,None,1463,752682090207055872
4085,None,1425,752660715232722944
5124,None,2093,752568224206688256
6874,None,3160,752519690950500352
3599,None,1010,752334515931054080
0,None,14923,752309394570878976
5558,None,1674,752173152931807232
2855,None,832,751950017322246144
4845,None,1202,751937170840121344
5448,None,1791,751830394383790080
5405,None,2623,751793661361422336
7424,None,2836,751598357617971201
4113,None,1006,751583847268179968
4732,None,1149,751538714308972544
3018,None,925,751456908746354688
11752,None,5398,751251247299190784
5916,None,1668,751205363882532864
4737,None,1188,751132876104687617
4473,None,1252,750868782890057730
12281,None,4596,750719632563142656
4147,None,1056,750506206503038976
12324,None,3928,750429297815552001
4275,None,1042,750383411068534784
670,None,27,750381685133418496
2920,None,877,750147208377409536
3381,None,1184,750132105863102464
4064,None,1214,750117059602808832
2853,None,777,750101899009982464
2028,None,493,750086836815486976
7267,None,3038,750071704093859840
2961,None,822,750056684286914561
2971,None,568,750041628174217216
2536,None,721,750026558547456000
3018,None,821,750011400160841729
2840,None,758,749996283729883136
4788,None,2280,749981277374128128
4359,None,1214,749774190421639168
5702,None,1518,749417653287129088
2446,None,493,749403093750648834
7975,None,3158,749395845976588288
5108,None,2053,749317047558017024
5379,None,1892,749075273010798592
4508,None,1409,749064354620928000
2887,None,732,749036806121881602
10048,None,3139,748977405889503236
5421,None,2064,748932637671223296
2589,BarkWeek,879,748705597323898880
4422,None,1460,748699167502000129
3963,None,1230,748692773788876800
5648,None,1815,748575535303884801
2053,None,611,748568946752774144
4865,None,1124,748346686624440324
7078,BarkWeek,3744,748337862848962560
3463,None,696,748324050481647620
3448,None,656,748307329658011649
13162,None,7130,748220828303695873
5396,None,1962,747963614829678593
6183,None,2362,747933425676525569
2727,None,882,747885874273214464
2633,BarkWeek,677,747844099428986880
4509,None,1061,747816857231626240
1275,None,144,747651430853525504
11997,None,5342,747648653817413632
2173,None,523,747600769478692864
3431,None,952,747594051852075008
5142,None,1478,747512671126323200
3605,None,950,747461612269887489
5045,None,1753,747439450712596480
0,None,2639,747242308580548608
4901,None,1444,747219827526344708
3131,None,833,747204161125646336
8909,None,3634,747103485104099331
2726,None,271,746906459439529985
5583,None,1953,746872823977771008
4956,None,1599,746818907684614144
4529,None,1467,746790600704425984
8866,None,3563,746757706116112384
5644,None,1642,746726898085036033
4701,None,1748,746542875601690625
0,None,901,746521445350707200
4344,None,991,746507379341139972
5777,None,1491,746369468511756288
6409,None,2007,746131877086527488
3330,None,743,746056683365994496
3682,None,967,745789745784041472
6518,None,2135,745712589599014916
6554,None,2316,745433870967832576
7959,None,2208,745422732645535745
6618,None,2487,745314880350101504
7290,None,3190,745074613265149952
6769,None,2058,745057283344719872
2750,None,569,744995568523612160
7318,None,2452,744971049620602880
5235,None,1442,744709971296780288
6348,None,1939,744334592493166593
145004,None,70821,744234799360020481
1535,None,327,744223424764059648
3906,None,1006,743980027717509120
3411,None,881,743895849529389061
0,None,1877,743835915802583040
4166,None,1270,743609206067040256
16993,None,5973,743595368194129920
3288,None,863,743545585370791937
7421,None,3421,743510151680958465
3936,None,1125,743253157753532416
5744,None,1745,743222593470234624
3561,None,1239,743210557239623680
6575,None,3287,742534281772302336
4115,None,1797,742528092657332225
6767,None,3613,742465774154047488
9118,None,3429,742423170473463808
6302,None,1780,742385895052087300
4012,None,1249,742161199639494656
4726,None,1404,742150209887731712
4223,None,1388,741793263812808706
7562,None,2507,741743634094141440
3426,None,749,741438259667034112
8149,None,2930,741303864243200000
9252,None,5033,741099773336379392
8879,None,2818,741067306818797568
5843,None,2478,740995100998766593
3155,None,865,740711788199743490
2652,None,710,740699697422163968
16867,None,6228,740676976021798912
32572,None,12153,740373189193256964
2255,None,389,740365076218183684
3052,None,798,740359016048689152
6196,None,1791,740214038584557568
18540,None,5391,739979191639244800
3764,None,988,739932936087216128
3538,None,792,739844404073074688
3503,None,1242,739623569819336705
5003,None,1496,739606147276148736
36527,None,19303,739544079319588864
6613,None,2646,739485634323156992
107341,None,52955,739238157791694849
91,None,6,738891149612572673
3504,None,1047,738885046782832640
3054,None,724,738883359779196928
4713,None,1402,738537504001953792
3020,None,744,738402415918125056
3988,None,1110,738184450748633089
8096,None,3045,738166403467907072
2293,None,587,738156290900254721
4843,None,1613,737826014890496000
9290,None,3179,737800304142471168
4642,None,1203,737678689543020544
9472,None,4075,737445876994609152
3330,None,737,737322739594330112
13559,None,6766,737310737551491075
3895,None,1545,736736130620620800
16378,None,6675,736392552031657984
3684,None,1118,736365877722001409
7504,None,2552,736225175608430592
7270,None,2711,736010884653420544
3304,None,1038,735991953473572864
3739,None,1017,735648611367784448
5682,None,2148,735635087207878657
12061,None,4556,735274964362878976
3074,None,804,735256018284875776
2884,None,886,735137028879360001
2550,None,472,734912297295085568
11588,None,5769,734787690684657664
2328,None,490,734776360183431168
1378,None,355,734559631394082816
3313,None,718,733828123016450049
3394,None,932,733822306246479872
2886,None,855,733482008106668032
3871,None,1142,733460102733135873
49435,None,15558,733109485275860992
2235,None,484,732732193018155009
3301,None,801,732726085725589504
3369,None,713,732585889486888962
7449,None,2290,732375214819057664
13724,None,4889,732005617171337216
3225,None,904,731285275100512256
3555,None,1145,731156023742988288
5653,None,1794,730924654643314689
4482,None,1920,730573383004487680
3210,None,943,730427201120833536
3510,None,960,730211855403241472
4454,None,1713,730196704625098752
3721,None,1019,729854734790754305
1606,None,339,729838605770891264
3666,None,1129,729823566028484608
5339,None,2101,729463711119904772
1745,None,288,729113531270991872
2899,None,742,728986383096946689
4307,None,1547,728760639972315136
2555,None,619,728751179681943552
3068,None,950,728653952833728512
4513,None,1829,728409960103686147
3432,None,880,728387165835677696
3952,None,1086,728046963732717569
4173,None,1516,728035342121635841
3794,None,993,728015554473250816
2738,None,577,727685679342333952
5406,None,1594,727644517743104000
4124,None,1090,727524757080539137
3074,None,673,727314416056803329
2837,None,748,727286334147182592
3606,None,1248,727175381690781696
3337,None,1202,727155742655025152
6327,None,2215,726935089318363137
3538,None,1373,726887082820554753
3314,None,921,726828223124897792
4091,None,1044,726224900189511680
6542,None,2427,725842289046749185
3858,None,1251,725786712245440512
4809,None,1612,725729321944506368
1308,None,558,725458796924002305
3452,None,1172,724983749226668032
2163,None,568,724771698126512129
4885,None,1517,724405726123311104
3992,None,1626,724049859469295616
2462,None,513,724046343203856385
3842,None,1396,724004602748780546
3600,None,1131,723912936180330496
7061,None,2652,723688335806480385
2796,None,816,723673163800948736
4878,None,1696,723179728551723008
3780,None,1444,722974582966214656
4600,None,1496,722613351520608256
4249,None,1650,721503162398597120
2352,None,552,721001180231503872
2868,None,700,720785406564900865
2263,None,572,720775346191278080
3812,None,1369,720415127506415616
5888,None,2271,720389942216527872
2632,None,882,720340705894408192
3570,None,1022,720059472081784833
4587,None,1822,720043174954147842
4497,None,1600,719991154352222208
4192,None,1302,719704490224398336
4663,None,1717,719551379208073216
2609,None,692,719367763014393856
4118,None,1123,719339463458033665
3187,None,861,719332531645071360
3219,None,986,718971898235854848
4817,None,1588,718939241951195136
17413,None,7258,718631497683582976
2264,None,430,718613305783398402
2246,None,927,718540630683709445
2514,None,480,718460005985447936
4519,None,1384,718454725339934721
1765,None,448,718246886998687744
3580,None,915,718234618122661888
2280,None,545,717841801130979328
2640,None,992,717790033953034240
5339,None,1667,717537687239008257
1481,None,408,717428917016076293
2900,None,761,717421804990701568
5820,None,1746,717047459982213120
2988,None,874,717009362452090881
3976,None,1052,716802964044845056
7760,None,1460,716791146589110272
1139,None,397,716730379797970944
12052,None,5330,716447146686459905
2205,FinalFur,191,716439118184652801
2565,None,969,716285507865542656
6269,None,1714,716080869887381504
2941,None,796,715928423106027520
3428,None,1294,715758151270801409
4303,None,1536,715733265223708672
2570,None,515,715704790270025728
3622,None,1171,715696743237730304
3984,None,1449,715680795826982913
5051,None,1415,715360349751484417
2799,None,627,715342466308784130
2224,None,591,715220193576927233
4764,None,1690,715200624753819648
3832,None,1107,715009755312439296
3444,None,937,714982300363173890
6771,None,3850,714962719905021952
3826,None,1284,714957620017307648
3021,None,901,714631576617938945
3357,None,834,714606013974974464
2464,None,1013,714485234495041536
2831,None,672,714258258790387713
3035,None,764,714251586676113411
2122,None,802,714214115368108032
4015,None,1285,714141408463036416
3053,None,724,713919462244790272
1755,None,486,713909862279876608
2629,None,665,713900603437621249
4478,None,1244,713761197720473600
4105,None,1191,713411074226274305
6669,None,2603,713177543487135744
4100,None,1337,713175907180089344
17607,None,6106,712809025985978368
11360,None,4524,712717840512598017
3840,None,1103,712668654853337088
4922,None,1423,712438159032893441
222,None,24,712309440758808576
3476,None,941,712097430750289920
2717,None,814,712092745624633345
3026,None,439,712085617388212225
2080,None,570,712065007010385924
0,LoveTwitter,122,711998809858043904
7437,None,2100,711968124745228288
2628,None,912,711743778164514816
8118,None,3705,711732680602345472
30356,None,16680,711694788429553666
3563,None,823,711652651650457602
3335,None,1021,711363825979756544
3063,None,681,711306686208872448
2753,None,560,711008018775851008
4227,None,1269,710997087345876993
2358,None,614,710844581445812225
2478,None,477,710833117892898816
2146,None,515,710658690886586372
4448,None,2166,710609963652087808
4188,None,1702,710588934686908417
2210,None,672,710296729921429505
2000,None,482,710283270106132480
4158,None,1146,710272297844797440
2205,None,1019,710269109699739648
2693,None,814,710153181850935296
2527,None,807,710140971284037632
5043,None,1787,710117014656950272
3239,None,997,709918798883774466
609,None,92,709901256215666688
3244,None,1093,709852847387627521
3264,None,1079,709566166965075968
3029,None,976,709556954897764353
1390,None,219,709519240576036864
2030,None,520,709449600415961088
2432,None,617,709409458133323776
2216,None,523,709225125749587968
11459,None,5205,709207347839836162
2275,None,591,709198395643068416
1861,None,612,709179584944730112
1882,None,367,709158332880297985
4353,None,1486,709042156699303936
1672,None,595,708853462201716736
2749,None,806,708845821941387268
1556,None,452,708834316713893888
15271,None,6276,708810915978854401
2550,None,744,708738143638450176
2346,None,642,708711088997666817
2348,None,619,708479650088034305
2863,None,733,708469915515297792
14714,None,9107,708400866336894977
3312,None,1202,708356463048204288
2194,None,678,708349470027751425
3997,None,1415,708149363256774660
3107,None,786,708130923141795840
2489,None,899,708119489313951744
1808,None,502,708109389455101952
4077,None,1755,708026248782585858
2881,None,1018,707995814724026368
45,None,2,707983188426153984
2495,None,870,707969809498152960
3015,None,875,707776935007539200
2295,None,558,707741517457260545
3743,None,2212,707738799544082433
3134,None,920,707693576495472641
2361,None,788,707629649552134146
15655,None,5746,707610948723478529
2077,None,637,707420581654872064
2121,None,547,707411934438625280
3228,None,1151,707387676719185920
3022,None,979,707377100785885184
2289,None,580,707315916783140866
2589,None,713,707297311098011648
2408,None,619,707059547140169728
2022,None,720,707038192327901184
3744,None,1227,707021089608753152
2121,None,546,707014260413456384
13476,None,7137,706904523814649856
1893,None,528,706901761596989440
3034,None,896,706681918348251136
2355,None,990,706644897839910912
1992,None,582,706593038911545345
3203,None,1300,706538006853918722
2883,None,933,706516534877929472
3184,None,845,706346369204748288
19598,None,7164,706310011488698368
1572,None,439,706291001778950144
2523,None,852,706265994973601792
3602,None,2007,706169069255446529
4751,None,1460,706166467411222528
1365,None,346,706153300320784384
2868,None,667,705975130514706432
2936,None,801,705970349788291072
2196,None,497,705898680587526145
1800,None,469,705786532653883392
2926,None,1036,705591895322394625
2754,None,833,705475953783398401
4079,None,1465,705442520700944385
3528,None,1526,705428427625635840
2780,None,679,705239209544720384
2385,None,717,705223444686888960
1969,None,476,705102439679201280
2021,None,556,705066031337840642
3971,None,1019,704871453724954624
2077,None,477,704859558691414016
4717,None,1373,704847917308362754
2456,None,900,704819833553219584
6156,None,2639,704761120771465216
2669,None,908,704499785726889984
691,None,71,704491224099647488
3159,None,983,704480331685040129
7367,None,3240,704364645503647744
1450,None,314,704347321748819968
1391,None,413,704134088924532736
1720,None,521,704113298707505153
2700,None,845,704054845121142784
1713,None,405,703774238772166656
3021,None,1025,703769065844768768
2371,None,602,703631701117943808
3554,None,1386,703611486317502464
3510,None,1225,703425003149250560
2262,None,624,703407252292673536
3233,None,1035,703382836347330562
1772,None,347,703356393781329922
1832,None,495,703268521220972544
6837,None,2811,703079050210877440
24392,None,11354,703041949650034688
2378,None,655,702932127499816960
1490,None,413,702899151802126337
2996,None,966,702684942141153280
2024,None,509,702671118226825216
11358,None,3146,702598099714314240
2659,None,875,702539513671897089
2942,None,1388,702332542343577600
3037,None,956,702321140488925184
2289,None,696,702276748847800320
4407,None,1229,702217446468493312
3174,None,894,701981390485725185
3552,None,934,701952816642965504
3256,None,1260,701889187134500865
3132,None,1512,701805642395348998
1931,None,416,701601587219795968
2586,None,841,701570477911896070
2459,None,552,701545186879471618
11306,None,4649,701214700881756160
2049,None,511,700890391244103680
2409,None,562,700864154249383937
2285,None,453,700847567345688576
2263,None,864,700796979434098688
21073,None,8477,700747788515020802
2403,None,723,700518061187723268
2117,None,524,700505138482569216
3793,None,1628,700462010979500032
2440,None,658,700167517596164096
2062,None,611,700151421916807169
6948,None,2446,700143752053182464
2454,None,615,700062718104104960
1922,None,532,700029284593901568
3040,None,1206,700002074055016451
2782,None,852,699801817392291840
2068,None,471,699788877217865730
2513,None,1112,699779630832685056
1814,None,543,699775878809702401
9499,None,4171,699691744225525762
5529,None,2402,699446877801091073
2036,None,467,699434518667751424
1253,None,290,699423671849451520
1935,None,574,699413908797464576
1757,None,395,699370870310113280
2912,None,784,699323444782047232
2092,None,570,699088579889332224
2264,None,576,699079609774645248
2724,None,1083,699072405256409088
3443,None,1629,699060279947165696
2413,None,1094,699036661657767936
3090,None,880,698989035503689728
2494,None,833,698953797952008193
2343,None,556,698907974262222848
2278,None,621,698710712454139905
1333,None,338,698703483621523456
1198,None,315,698635131305795584
2151,None,561,698549713696649216
1710,None,398,698355670425473025
2083,None,873,698342080612007937
4418,None,1802,698262614669991936
15556,None,5466,698195409219559425
2598,None,678,698178924120031232
1418,None,307,697995514407682048
3027,None,1175,697990423684476929
2210,None,618,697943111201378304
2793,None,1059,697881462549430272
1605,None,499,697630435728322560
2902,None,926,697616773278015490
2792,None,1138,697596423848730625
1896,None,456,697575480820686848
1883,None,997,697516214579523584
2247,None,606,697482927769255936
3180,None,1277,697463031882764288
4361,None,1723,697270446429966336
3049,None,909,697259378236399616
2855,None,1059,697255105972801536
2336,None,618,697242256848379904
2929,None,942,696900204696625153
2178,None,621,696894894812565505
4462,None,1633,696886256886657024
2270,None,643,696877980375769088
1374,None,329,696754882863349760
1901,None,838,696744641916489729
2184,None,588,696713835009417216
3649,None,1574,696518437233913856
1136,None,127,696490539101908992
2319,None,930,696488710901260288
2938,None,1056,696405997980676096
1785,None,588,696100768806522880
2772,None,1058,695816827381944320
2925,None,709,695794761660297217
1712,None,666,695767669421768709
4216,None,1900,695629776980148225
4104,None,1660,695446424020918272
8018,None,3262,695409464418041856
3352,None,1306,695314793360662529
2469,None,552,695095422348574720
2623,None,999,695074328191332352
1482,None,530,695064344191721472
2443,None,718,695051054296211456
2507,None,826,694925794720792577
2547,None,842,694905863685980160
33120,None,13125,694669722378485760
1390,None,251,694356675654983680
1887,None,546,694352839993344000
1468,None,432,694342028726001664
1829,None,451,694329668942569472
3830,None,1862,694206574471057408
2719,None,844,694183373896572928
3150,None,927,694001791655137281
1743,None,361,693993230313091072
1630,None,331,693942351086120961
2485,None,523,693647888581312512
1268,None,115,693644216740769793
2363,None,379,693642232151285760
2266,None,723,693629975228977152
1420,None,339,693622659251335168
4669,None,1786,693590843962331137
1524,None,223,693582294167244802
1633,None,572,693486665285931008
3097,None,1127,693280720173801472
2205,None,735,693267061318012928
2053,None,452,693262851218264065
2666,None,673,693231807727280129
7280,None,2911,693155686491000832
1570,None,552,693109034023534592
1708,None,406,693095443459342336
2510,None,700,692919143163629568
2246,None,791,692905862751522816
1622,None,541,692901601640583168
2092,None,720,692894228850999298
2665,None,799,692828166163931137
6298,None,3316,692752401762250755
4044,None,1398,692568918515392513
2911,None,1240,692535307825213440
1709,None,370,692530551048294401
1369,None,198,692423280028966913
8674,None,3146,692417313023332352
2343,None,750,692187005137076224
1979,None,724,692158366030913536
1515,None,355,692142790915014657
3133,None,1135,692041934689402880
2680,None,873,692017291282812928
3671,None,1499,691820333922455552
7513,None,3840,691793053716221953
2609,None,890,691756958957883396
1800,None,461,691675652215414786
2207,None,503,691483041324204033
3742,None,1028,691459709405118465
2441,None,755,691444869282295808
17906,None,6935,691416866452082688
2392,None,602,691321916024623104
2769,None,797,691096613310316544
1606,None,307,691090071332753408
5459,None,2622,690989312272396288
3323,notallpuppers,1120,690959652130045952
3782,None,1759,690938899477221376
3029,None,912,690932576555528194
3511,None,1158,690735892932222976
2008,None,469,690728923253055490
2157,None,752,690690673629138944
1202,None,250,690649993829576704
279,None,14,690607260360429569
1789,None,550,690597161306841088
1744,None,406,690400367696297985
2982,None,765,690374419777196032
2458,None,798,690360449368465409
1375,None,466,690348396616552449
1545,None,370,690248561355657216
2587,None,926,690021994562220032
2313,None,664,690015576308211712
3393,None,1543,690005060500217858
1309,None,330,689999384604450816
1349,None,409,689993469801164801
1272,None,410,689977555533848577
2264,None,624,689905486972461056
2807,None,1046,689877686181715968
2023,None,689,689835978131935233
3005,None,852,689661964914655233
9555,None,3491,689659372465688576
2048,None,581,689623661272240129
10799,None,5036,689599056876867584
1905,None,406,689557536375177216
3141,None,1301,689517482558820352
2077,None,853,689289219123089408
3026,None,1005,689283819090870273
1830,None,642,689280876073582592
1058,None,225,689275259254616065
2360,None,978,689255633275777024
2866,None,900,689154315265683456
1870,None,458,689143371370250240
2502,None,775,688916208532455424
1945,None,709,688908934925697024
1931,None,711,688898160958271489
2063,None,622,688894073864884227
1279,None,326,688828561667567616
890,None,170,688804835492233216
2063,None,605,688789766343622656
2409,None,627,688547210804498433
2156,None,661,688519176466644993
8578,None,4094,688385280030670848
2082,None,763,688211956440801280
1984,None,533,688179443353796608
2624,None,702,688116655151435777
1603,None,325,688064179421470721
5040,None,2258,687841446767013888
2527,None,1014,687826841265172480
2283,None,867,687818504314159109
2205,None,660,687807801670897665
1627,None,599,687732144991551489
2247,None,767,687704180304273409
1807,None,473,687664829264453632
1765,None,530,687494652870668288
1478,None,222,687480748861947905
1833,None,483,687476254459715584
1913,None,492,687460506001633280
1754,None,555,687399393394311168
18694,None,8364,687317306314240000
4021,None,1741,687312378585812992
4983,None,2060,687127927494963200
2024,None,462,687124485711986689
5373,None,2245,687109925361856513
2175,None,876,687102708889812993
2084,None,552,687096057537363968
8002,None,2912,686947101016735744
3244,None,1260,686760001961103360
3206,None,1322,686749460672679938
3816,None,1095,686730991906516992
2615,None,735,686683045143953408
3416,None,1240,686618349602762752
1756,None,493,686606069955735556
1600,None,634,686394059078897668
3021,None,792,686386521809772549
2054,None,516,686377065986265092
2001,None,602,686358356425093120
3729,None,1529,686286779679375361
2067,None,664,686050296934563840
1063,None,105,686035780142297088
2856,None,1041,686034024800862208
2285,None,367,686007916130873345
1684,None,564,686003207160610816
1941,None,478,685973236358713344
1499,None,536,685943807276412928
6912,None,2599,685906723014619143
1889,None,110,685681090388975616
2188,None,511,685667379192414208
2980,None,1336,685663452032069632
2697,None,700,685641971164143616
30448,None,14166,685547936038666240
2814,None,1048,685532292383666176
8690,None,3594,685325112850124800
2451,None,580,685321586178670592
3038,None,946,685315239903100929
1930,None,397,685307451701334016
2847,None,1079,685268753634967552
2144,None,589,685198997565345792
3787,None,1283,685169283572338688
2219,None,328,684969860808454144
6305,None,2820,684959798585110529
2967,None,948,684940049151070208
3226,None,417,684926975086034944
3227,None,1327,684914660081053696
1719,None,467,684902183876321280
1923,None,730,684880619965411328
32432,None,19745,684830982659280897
2517,None,906,684800227459624960
8193,None,3178,684594889858887680
3818,None,1283,684588130326986752
2769,None,1109,684567543613382656
2440,None,859,684538444857667585
3575,None,1073,684481074559381504
1821,None,503,684460069371654144
7504,None,2956,684241637099323392
1148,None,184,684225744407494656
3526,None,1241,684222868335505415
1988,None,947,684200372118904832
1765,None,457,684195085588783105
3230,None,1056,684188786104872960
1869,None,595,684177701129875456
2750,None,1377,684147889187209216
1865,None,426,684122891630342144
3804,None,1300,684097758874210310
3528,None,1022,683857920510050305
1794,None,317,683852578183077888
2419,None,857,683849932751646720
2421,None,1025,683834909291606017
2590,None,973,683828599284170753
3079,None,1222,683773439333797890
5984,None,3014,683742671509258241
6803,None,2624,683515932363329536
2936,None,874,683498322573824003
2452,None,905,683481228088049664
2245,None,620,683462770029932544
3583,None,1460,683449695444799489
7060,None,2182,683391852557561860
2674,None,825,683357973142474752
2650,None,940,683142553609318400
3151,None,820,683111407806746624
2001,None,590,683098815881154561
1861,None,520,683078886620553216
2001,None,671,683030066213818368
33870,None,14921,682962037429899265
1633,None,155,682808988178739200
2288,None,1019,682788441537560576
1409,None,398,682750546109968385
1216,None,332,682697186228989953
2822,None,987,682662431982772225
1913,None,535,682638830361513985
3187,None,1047,682429480204398592
6984,None,1590,682406705142087680
2078,None,598,682393905736888321
1543,None,425,682389078323662849
2829,None,888,682303737705140231
3817,None,1078,682259524040966145
2979,None,1040,682242692827447297
16827,None,8921,682088079302213632
4550,None,1533,682059653698686977
2952,None,849,682047327939461121
6076,None,1800,682032003584274432
2876,None,1373,682003177596559360
2599,None,922,681981167097122816
2275,None,747,681891461017812993
11836,None,3698,681694085539872773
1629,None,401,681679526984871937
2429,None,820,681654059175129088
1735,None,419,681610798867845120
3260,None,1180,681579835668455424
13204,None,5217,681523177663676416
1518,None,245,681340665377193984
8567,None,3709,681339448655802368
2417,None,672,681320187870711809
3605,None,1631,681302363064414209
2965,None,858,681297372102656000
2969,None,998,681281657291280384
1335,None,237,681261549936340994
1361,None,470,681242418453299201
2244,None,441,681231109724700672
3424,None,1342,681193455364796417
2218,None,586,680970795137544192
4231,None,1825,680959110691590145
2929,None,938,680940246314430465
1923,None,394,680934982542561280
2218,None,564,680913438424612864
1614,None,326,680889648562991104
3195,None,1185,680836378243002368
1984,None,607,680805554198020098
2193,None,743,680801747103793152
2612,None,940,680798457301471234
2415,None,629,680609293079592961
3318,None,1194,680583894916304897
3894,None,1736,680497766108381184
1576,None,440,680494726643068929
2348,None,674,680473011644985345
1331,None,443,680440374763077632
1363,None,262,680221482581123072
2594,None,1050,680206703334408192
1983,None,443,680191257256136705
3569,None,1400,680176173301628928
2145,None,673,680161097740095489
3314,None,1564,680145970311643136
2119,None,858,680130881361686529
2500,None,830,680115823365742593
3308,None,1254,680100725817409536
11770,None,8165,680085611152338944
2391,None,776,680070545539371008
1804,None,582,679877062409191424
2015,None,598,679872969355714560
2256,None,557,679862121895714818
2616,None,1105,679854723806179328
2189,None,687,679844490799091713
33231,None,12627,679828447187857408
2862,None,998,679777920601223168
1915,None,719,679736210798047232
1995,None,750,679729593985699840
1540,None,426,679722016581222400
4378,None,1889,679530280114372609
2433,None,653,679527802031484928
3076,None,1149,679511351870550016
2917,None,1340,679503373272485890
1929,None,585,679475951516934144
29461,None,17048,679462823135686656
2170,None,1074,679405845277462528
19473,None,7257,679158373988876288
2557,None,927,679148763231985668
2712,None,1037,679132435750195208
5442,None,2316,679111216690831360
15509,None,7218,679062614270468097
2057,None,588,679047485189439488
2603,None,1097,679001094530465792
2074,None,1018,678991772295516161
1499,None,409,678969228704284672
2357,None,821,678800283649069056
3169,None,1031,678798276842360832
2576,None,821,678774928607469569
3229,None,1232,678767140346941444
1483,None,417,678764513869611008
6496,None,2937,678755239630127104
3406,None,1492,678740035362037760
5137,None,2194,678708137298427904
2608,None,1321,678675843183484930
1882,None,360,678643457146150913
3657,None,1373,678446151570427904
5005,None,2282,678424312106393600
3830,None,1611,678410210315247616
73579,None,28631,678399652199309312
1457,None,375,678396796259975168
1715,None,383,678389028614488064
2246,None,822,678380236862578688
1576,None,474,678341075375947776
1183,None,225,678334497360859136
10428,None,5498,678278586130948096
1452,None,327,678255464182861824
1744,None,341,678023323247357953
12397,None,5646,678021115718029313
3145,None,1527,677961670166224897
1220,None,364,677918531514703872
4400,None,1846,677895101218201600
2788,None,879,677716515794329600
3117,None,1294,677700003327029250
1115,None,287,677698403548192770
2265,None,756,677687604918272002
3038,None,1352,677673981332312066
1778,None,843,677662372920729601
1713,None,728,677644091929329666
1941,None,600,677573743309385728
1191,None,413,677565715327688705
2226,None,1019,677557565589463040
6334,None,3301,677547928504967168
970,None,204,677530072887205888
2763,None,1553,677335745548390400
1229,None,253,677334615166730240
988,None,209,677331501395156992
3342,None,1349,677328882937298944
1502,None,472,677314812125323265
1115,None,355,677301033169788928
1798,None,637,677269281705472000
3214,None,1468,677228873407442944
2486,None,815,677187300187611136
2529,None,953,676975532580409345
2028,None,720,676957860086095872
1188,None,349,676949632774234114
1959,None,777,676948236477857792
1577,None,327,676946864479084545
1880,None,668,676942428000112642
11644,None,4438,676936541936185344
2700,None,1620,676916996760600576
2052,None,650,676897532954456065
1904,None,629,676864501615042560
20764,None,13818,676821958043033607
1657,None,602,676819651066732545
1308,None,380,676811746707918848
4534,None,1804,676776431406465024
2617,None,856,676617503762681856
988,None,177,676613908052996102
1722,None,388,676606785097199616
1044,None,342,676603393314578432
4140,None,1895,676593408224403456
842,None,110,676590572941893632
2088,None,701,676588346097852417
1083,None,252,676582956622721024
2337,None,993,676575501977128964
1702,None,490,676533798876651520
1377,None,471,676496375194980353
10609,None,4189,676470639084101634
1567,None,590,676440007570247681
1267,None,302,676430933382295552
1896,None,484,676263575653122048
1092,None,251,676237365392908289
71037,None,27826,676219687039057920
1573,None,518,676215927814406144
2058,None,921,676191832485810177
1755,None,593,676146341966438401
1969,None,1030,676121918416756736
2586,None,1052,676101918813499392
2686,None,1252,676098748976615425
1186,None,393,676089483918516224
1449,None,506,675898130735476737
1925,None,765,675891555769696257
2120,None,841,675888385639251968
3783,None,1242,675878199931371520
1472,None,500,675870721063669760
2429,None,1137,675853064436391936
867,None,123,675849018447167488
2048,None,780,675845657354215424
1382,None,476,675822767435051008
958,None,208,675820929667219457
9330,None,3051,675798442703122432
1458,None,420,675781562965868544
1062,None,296,675740360753160193
1695,None,722,675710890956750848
1786,None,600,675707330206547968
583,None,86,675706639471788032
1665,None,364,675534494439489536
1067,None,333,675531475945709568
942,None,248,675522403582218240
1151,None,409,675517828909424640
15584,None,5231,675501075957489664
2827,None,1137,675497103322386432
1156,None,528,675489971617296384
1668,None,856,675483430902214656
1363,None,503,675432746517426176
1532,None,458,675372240448454658
943,None,196,675362609739206656
29500,None,14923,675354435921575936
3537,None,2004,675349384339542016
2494,None,1135,675334060156301312
3179,None,1388,675166823650848770
5610,None,2268,675153376133427200
3357,None,1503,675149409102012420
841,None,200,675147105808306176
1056,None,257,675146535592706048
1919,None,785,675145476954566656
1167,None,413,675135153782571009
1742,None,691,675113801096802304
869,None,213,675111688094527488
2523,None,1000,675109292475830276
929,None,275,675047298674663426
2426,None,1048,675015141583413248
876,None,202,675006312288268288
1395,None,406,675003128568291329
1998,None,958,674999807681908736
766,None,319,674805413498527744
2709,None,750,674800520222154752
2228,None,954,674793399141146624
987,None,219,674790488185167872
719,None,181,674788554665512960
1808,None,1050,674781762103414784
991,None,412,674774481756377088
1635,None,692,674767892831932416
700,None,200,674764817387900928
1229,None,384,674754018082705410
1314,None,402,674752233200820224
1261,None,469,674743008475090944
431,None,45,674742531037511680
968,None,328,674739953134403584
580,None,80,674737130913071104
1027,None,413,674690135443775488
1450,None,570,674670581682434048
813,None,206,674664755118911488
1283,None,430,674646392044941312
934,None,243,674644256330530816
1520,None,514,674638615994089473
1347,None,503,674632714662858753
840,None,86,674606911342424069
5575,None,1787,674468880899788800
958,None,315,674447403907457024
986,None,345,674436901579923456
1285,None,467,674422304705744896
611,None,117,674416750885273600
1071,None,402,674410619106390016
1336,None,490,674394782723014656
767,None,280,674372068062928900
507,None,66,674330906434379776
1255,None,451,674318007229923329
10161,None,6057,674307341513269249
13214,None,5156,674291837063053312
1397,None,645,674271431610523648
825,None,203,674269164442398721
1463,None,735,674265582246694913
1181,None,385,674262580978937856
1306,None,467,674255168825880576
683,None,144,674082852460433408
890,None,246,674075285688614912
5742,None,1914,674063288070742018
2953,None,1132,674053186244734976
1294,None,432,674051556661161984
1268,None,567,674045139690631169
636,None,111,674042553264685056
981,None,369,674038233588723717
761,None,181,674036086168010753
1584,None,1087,674024893172875264
1018,None,265,674019345211760640
1390,None,561,674014384960745472
1085,None,302,674008982932058114
1752,None,840,673956914389192708
1058,None,328,673919437611909120
2853,None,1438,673906403526995968
844,None,221,673887867907739649
2790,None,670,673716320723169284
3169,None,1816,673715861853720576
941,None,265,673711475735838725
754,None,236,673709992831262724
953,None,256,673708611235921920
991,None,346,673707060090052608
1125,None,359,673705679337693185
1283,None,502,673700254269775872
3518,None,1699,673697980713705472
1548,None,572,673689733134946305
1127,None,440,673688752737402881
1275,None,377,673686845050527744
1228,None,418,673680198160809984
1131,None,328,673662677122719744
650,None,200,673656262056419329
994,None,311,673636718965334016
1426,None,632,673612854080196609
1069,None,316,673583129559498752
739,None,239,673580926094458881
1235,None,489,673576835670777856
931,None,267,673363615379013632
1288,None,594,673359818736984064
1345,None,495,673355879178194945
1496,None,476,673352124999274496
686,None,185,673350198937153538
2232,None,1106,673345638550134785
861,None,236,673343217010679808
1142,None,493,673342308415348736
11999,None,6907,673320132811366400
783,None,216,673317986296586240
6742,None,2757,673295268553605120
959,None,313,673270968295534593
1279,None,618,673240798075449344
1979,None,725,673213039743795200
1493,None,551,673148804208660480
1756,None,631,672997845381865473
845,None,255,672995267319328768
877,None,254,672988786805112832
1119,None,471,672984142909456390
1630,None,893,672980819271634944
1498,None,785,672975131468300288
841,None,306,672970152493887488
1186,None,472,672968025906282496
1262,None,557,672964561327235073
1234,None,425,672902681409806336
795,None,363,672898206762672129
1370,None,733,672884426393653248
909,None,304,672877615439593473
1158,None,504,672834301050937345
1108,None,419,672828477930868736
874,None,272,672640509974827008
1151,None,423,672622327801233409
1091,None,512,672614745925664768
971,None,338,672609152938721280
974,None,337,672604026190569472
1181,None,532,672594978741354496
846,None,286,672591762242805761
643,None,157,672591271085670400
903,None,318,672538107540070400
553,None,146,672523490734551040
991,None,373,672488522314567680
992,None,520,672482722825261057
640,None,110,672481316919734272
1298,None,608,672475084225949696
1194,None,448,672466075045466113
5738,None,2942,672272411274932228
1318,None,539,672267570918129665
1011,None,287,672264251789176834
2518,None,1330,672256522047614977
1277,None,652,672254177670729728
1533,None,524,672248013293752320
606,None,132,672245253877968896
806,None,276,672239279297454080
1624,None,876,672231046314901505
703,None,176,672222792075620352
1996,None,1010,672205392827572224
908,None,320,672169685991993344
767,None,304,672160042234327040
1551,None,597,672139350159835138
2120,None,994,672125275208069120
879,None,328,672095186491711488
840,None,319,672082170312290304
1141,None,440,672068090318987265
7632,None,3680,671896809300709376
1176,None,484,671891728106971137
3117,None,1215,671882082306625538
1249,None,575,671879137494245376
1107,None,479,671874878652489728
999,None,421,671866342182637568
794,None,375,671855973984772097
6331,None,3007,671789708968640512
1051,None,435,671768281401958400
1494,None,776,671763349865160704
1210,None,667,671744970634719232
676,None,202,671743150407421952
1291,None,657,671735591348891648
7509,None,3813,671729906628341761
11405,None,6329,671561002136281088
811,None,183,671550332464455680
1206,None,499,671547767500775424
1734,None,890,671544874165002241
966,None,487,671542985629241344
836,None,336,671538301157904385
1036,None,344,671536543010570240
899,None,497,671533943490011136
741,None,217,671528761649688577
1223,None,454,671520732782923777
832,None,253,671518598289059840
1428,None,606,671511350426865664
6249,None,3134,671504605491109889
828,None,391,671497587707535361
886,None,415,671488513339211776
512,None,173,671486386088865792
679,None,196,671485057807351808
1281,None,655,671390180817915904
981,None,257,671362598324076544
351,None,133,671357843010908160
421,None,105,671355857343524864
835,None,371,671347597085433856
641,None,176,671186162933985280
979,None,284,671182547775299584
782,None,301,671166507850801152
1462,None,970,671163268581498880
313,None,69,671159727754231808
626,None,186,671154572044468225
588,None,128,671151324042559489
586,None,192,671147085991960577
1024,None,572,671141549288370177
823,None,344,671138694582165504
654,None,163,671134062904504320
3092,None,2191,671122204919246848
1217,None,675,671115716440031232
1007,None,378,671109016219725825
968,None,245,670995969505435648
22112,None,7583,670842764863651840
524,None,166,670840546554966016
984,None,599,670838202509447168
382,None,109,670833812859932673
647,None,184,670832455012716544
4877,None,3517,670826280409919488
677,None,162,670823764196741120
545,None,83,670822709593571328
2792,None,1324,670815497391357952
984,None,231,670811965569282048
1050,None,428,670807719151067136
1742,None,822,670804601705242624
302,None,78,670803562457407488
661,None,203,670797304698376195
735,None,238,670792680469889025
585,None,210,670789397210615808
531,None,171,670786190031921152
725,None,330,670783437142401025
1354,None,662,670782429121134593
704,None,250,670780561024270336
298,None,62,670778058496974848
960,None,371,670764103623966721
392,None,89,670755717859713024
851,None,447,670733412878163972
738,None,314,670727704916926465
1056,None,420,670717338665226240
687,None,320,670704688707301377
521,None,209,670691627984359425
667,None,243,670679630144274432
215,None,35,670676092097810432
9475,None,4326,670668383499735048
1342,None,634,670474236058800128
317,None,77,670468609693655041
855,None,468,670465786746662913
489,None,174,670452855871037440
1076,None,571,670449342516494336
6065,None,1748,670444955656130560
581,None,176,670442337873600512
941,None,438,670435821946826752
1258,None,562,670434127938719744
296,None,100,670433248821026816
1234,None,524,670428280563085312
465,None,142,670427002554466305
1149,None,552,670421925039075328
542,None,265,670420569653809152
501,None,282,670417414769758208
1797,None,772,670411370698022913
487,None,188,670408998013820928
378,None,130,670403879788544000
494,None,173,670385711116361728
669,None,238,670374371102445568
289,None,55,670361874861563904
374,None,96,670338931251150849
3473,None,1068,670319130621435904
383,None,107,670303360680108032
622,None,250,670290420111441920
912,None,278,670093938074779648
624,None,218,670086499208155136
1955,None,1057,670079681849372674
1387,None,681,670073503555706880
554,None,205,670069087419133954
668,None,290,670061506722140161
592,None,280,670055038660800512
575,None,152,670046952931721218
659,None,97,670040295598354432
526,None,240,670037189829525505
296,None,77,670003130994700288
288,None,70,669993076832759809
396,None,134,669972011175813120
272,None,43,669970042633789440
445,None,133,669942763794931712
339,None,81,669926384437997569
202,None,50,669923323644657664
710,None,341,669753178989142016
229,None,55,669749430875258880
449,None,75,669684865554620416
339,None,94,669683899023405056
312,None,116,669682095984410625
589,NoDaysOff,245,669680153564442624
715,None,368,669661792646373376
3133,None,1574,669625907762618368
848,None,316,669603084620980224
447,None,133,669597912108789760
1324,None,806,669583744538451968
388,None,120,669573570759163904
1410,None,884,669571471778410496
202,None,45,669567591774625800
337,None,104,669564461267722241
312,None,62,669393256313184256
1180,None,634,669375718304980992
436,None,148,669371483794317312
406,None,131,669367896104181761
558,None,202,669363888236994561
332,None,103,669359674819481600
2394,None,1095,669354382627049472
566,None,229,669353438988365824
382,None,157,669351434509529089
908,None,367,669328503091937280
498,None,102,669327207240699904
440,None,182,669324657376567296
1059,None,348,669216679721873412
385,None,135,669214165781868544
890,None,409,669203728096960512
573,None,266,669037058363662336
651,None,324,669015743032369152
511,None,209,669006782128353280
18715,None,5531,669000397445533696
391,None,191,668994913074286592
658,None,294,668992363537309700
596,None,288,668989615043424256
801,None,391,668988183816871936
479,None,140,668986018524233728
483,None,259,668981893510119424
706,None,293,668979806671884288
1158,None,497,668975677807423489
127,None,18,668967877119254528
620,None,210,668960084974809088
241,None,63,668955713004314625
227,None,50,668932921458302977
274,None,87,668902994700836864
354,None,126,668892474547511297
477,None,268,668872652652679168
410,None,139,668852170888998912
383,None,112,668826086256599040
493,None,227,668815180734689280
630,None,325,668779399630725120
473,None,190,668655139528511488
776,None,458,668645506898350081
788,None,447,668643542311546881
944,None,467,668641109086707712
921,None,435,668636665813057536
2471,None,1385,668633411083464705
618,None,281,668631377374486528
281,None,97,668627278264475648
330,None,111,668625577880875008
1249,None,655,668623201287675904
181,None,35,668620235289837568
544,None,271,668614819948453888
1479,None,923,668587383441514497
206,None,46,668567822092664832
452,None,197,668544745690562560
403,None,182,668542336805281792
225,None,60,668537837512433665
404,None,189,668528771708952576
279,None,87,668507509523615744
360,None,115,668496999348633600
372,None,208,668484198282485761
397,None,128,668480044826800133
771,None,443,668466899341221888
557,None,255,668297328638447616
213,None,28,668291999406125056
436,None,118,668286279830867968
722,None,198,668274247790391296
485,None,206,668268907921326080
1153,None,518,668256321989451776
843,None,408,668248472370458624
5455,None,2429,668237644992782336
247,None,84,668226093875376128
452,None,169,668221241640230912
489,None,172,668204964695683073
577,None,170,668190681446379520
424,None,161,668171859951755264
440,None,272,668154635664932864
511,None,238,668142349051129856
587,None,208,668113020489474048
1115,None,695,667937095915278337
264,None,95,667924896115245057
184,None,45,667915453470232577
431,None,245,667911425562669056
761,None,334,667902449697558528
1651,None,908,667886921285246976
730,None,400,667885044254572545
349,None,101,667878741721415682
553,None,339,667873844930215936
2719,None,901,667866724293877760
221,None,69,667861340749471744
256,None,55,667832474953625600
930,None,418,667806454573760512
284,None,82,667801013445750784
610,None,285,667793409583771648
363,None,210,667782464991965184
204,None,44,667773195014021121
373,None,184,667766675769573376
324,None,128,667728196545200128
423,None,269,667724302356258817
0,None,29,667550904950915073
0,None,26,667550882905632768
5114,None,1962,667549055577362432
302,None,107,667546741521195010
763,None,459,667544320556335104
176,None,58,667538891197542400
719,None,446,667534815156183040
412,None,207,667530908589760512
1508,None,970,667524857454854144
332,None,166,667517642048163840
6073,None,1867,667509364010450944
485,None,195,667502640335572993
458,None,232,667495797102141441
459,None,190,667491009379606528
225,None,85,667470559035432960
171,None,53,667455448082227200
279,None,74,667453023279554560
682,None,490,667443425659232256
396,None,199,667437278097252352
266,None,76,667435689202614272
412,None,197,667405339315146752
168,None,50,667393430834667520
328,None,145,667369227918143488
425,None,210,667211855547486208
546,None,228,667200525029539841
332,None,86,667192066997374976
642,None,334,667188689915760640
12559,None,5283,667182792070062081
166,None,48,667177989038297088
527,None,389,667176164155375616
218,None,70,667174963120574464
186,None,72,667171260800061440
2382,None,973,667165590075940865
219,None,50,667160273090932737
42329,None,14632,667152164079423490
4019,None,1877,667138269671505920
286,None,107,667119796878725120
287,None,106,667090893657276420
352,None,104,667073648344346624
72,None,13,667070482143944705
143,None,40,667065535570550784
192,None,45,667062181243039745
163,None,43,667044094246576128
395,None,187,667012601033924608
214,None,79,666996132027977728
2250,None,847,666983947667116034
703,None,474,666837028449972224
185,None,66,666835007768551424
221,None,79,666826780179869698
444,None,212,666817836334096384
206,None,79,666804364988780544
659,None,411,666786068205871104
327,None,169,666781792255496192
305,None,150,666776908487630848
209,None,60,666739327293083650
371,None,182,666701168228331520
161,None,42,666691418707132416
994,None,526,666649482315059201
208,None,70,666644823164719104
448,None,181,666454714377183233
90,None,19,666447344410484738
106,None,40,666437273139982337
139,None,42,666435652385423360
278,None,160,666430724426358785
139,None,67,666428276349472768
273,None,92,666421158376562688
108,None,39,666418789513326592
372,None,262,666411507551481857
93,None,30,666407126856765440
147,None,69,666396247373291520
163,None,73,666373753744588802
650,None,471,666362758909284353
179,None,58,666353288456101888
246,None,125,666345417576210432
168,None,79,666337882303524864
427,None,291,666293911632134144
123,None,57,666287406224695296
152,None,68,666273097616637952
100,None,38,666268910803644416
12908,None,5493,666104133288665088
66,None,11,666102155909144576
134,None,53,666099513787052032
143,None,63,666094000022159362
93,None,37,666082916733198337
274,None,132,666073100786774016
127,None,51,666071193221509120
400,None,180,666063827256086533
99,None,47,666058600524156928
248,None,112,666057090499244032
367,None,196,666055525042405380
1028,None,706,666051853826850816
115,None,50,666050758794694657
89,None,37,666049248165822465
246,None,115,666044226329800704
99,None,36,666033412701032449
112,None,39,666029285002620928
2293,None,423,666020888022790149
